variant,model,MSE,MAE,R2
without sentiment,Linear Regression,1.1260040915681849e-07,0.00019048445041709822,-0.09284966214800905
without sentiment,Random Forest,1.1292434404694383e-07,0.0001893485872778309,-0.09599363061031174
without sentiment,XGBoost,1.087889100180539e-07,0.00019391067228846293,-0.05585694092019211
without sentiment,Baseline (persistence),2.0274550287581148e-07,,
with sentiment,Linear Regression,1.1170874558445995e-07,0.00018526547016701472,-0.08419557073663064
with sentiment,Random Forest,1.1395856271838931e-07,0.00018928353756697552,-0.10603129862715055
with sentiment,XGBoost,1.1176954437374696e-07,0.0001944238701646868,-0.08478565683692874
with sentiment,Baseline (persistence),2.0274550287581148e-07,,
