variant,model,MSE,MAE,R2
without sentiment,Linear Regression,1.126010495422619e-07,0.00019048456894373364,-0.09284806902413512
without sentiment,Random Forest,1.1359428662307322e-07,0.00018888551813012945,-0.10248791901008425
without sentiment,XGBoost,1.0878967264881176e-07,0.00019391112658819122,-0.055856798558517884
without sentiment,Baseline (persistence),2.0274690256789694e-07,,
with sentiment,Linear Regression,1.1170942225180998e-07,0.000185265883879305,-0.08419439157955799
with sentiment,Random Forest,1.1458271935210577e-07,0.00018778757449267706,-0.1120811404203168
with sentiment,XGBoost,1.1177035279768324e-07,0.00019442431847935322,-0.08478575222559859
with sentiment,Baseline (persistence),2.0274690256789694e-07,,
