model,mse,mae,r2
baseline,2.561075380275957e-05,,
linear_regression,1.4870201013441244e-05,0.0016701647124071515,-0.05028481297183074
random_forest,1.4714429657715292e-05,0.0019623930266121866,-0.039282655767155505
xgboost,1.551888795612881e-05,0.001950487818734739,-0.09610168146352405
