variant,model,MSE,MAE,R2
without sentiment,Linear Regression,1.1023309537150694e-07,0.00017979969841885803,-0.06986233138706677
without sentiment,Random Forest,1.0888472616654479e-07,0.00018110349861966745,-0.05677579493148066
without sentiment,XGBoost,1.3823755550475937e-07,0.00019612864475848215,-0.3416583551349577
without sentiment,Baseline (persistence),2.0274761881609814e-07,,
with sentiment,Linear Regression,1.0971064288577745e-07,0.00017627333548782996,-0.06479169236946736
with sentiment,Random Forest,1.0779009212516522e-07,0.00017828190077474033,-0.04615187365285611
with sentiment,XGBoost,1.1100120287705637e-07,0.00018356430194756327,-0.07731716411106415
with sentiment,Baseline (persistence),2.0274761881609814e-07,,
