variant,model,MSE,MAE,R2
without sentiment,Linear Regression,1.4870201013443432e-05,0.001670164712407439,-0.05028481297198528
without sentiment,Random Forest,1.4714429657715292e-05,0.0019623930266121866,-0.039282655767155505
without sentiment,XGBoost,1.551888795612881e-05,0.001950487818734739,-0.09610168146352405
without sentiment,Baseline (persistence),2.561075380275957e-05,,
with sentiment,Linear Regression,1.4870201013440864e-05,0.0016701647124052602,-0.05028481297180387
with sentiment,Random Forest,1.4583676886590321e-05,0.0019289347308005737,-0.030047565424906164
with sentiment,XGBoost,1.551888795612881e-05,0.001950487818734739,-0.09610168146352405
with sentiment,Baseline (persistence),2.561075380275957e-05,,
